Time_start_s,Time_end_s,F0,F1,F2,F3,F4,F5,F6,F7,F8,F9,F10,F11,F12,F13,F14,F15,F16,F17,F18,F19,F20,F21,F22,F23
0.0,0.25,6.970851181614906,9.096158745970413,28.367099362706757,27.71941698686581,20.09863472792035,24.059909568804557,18.20731203439165,18.89510306522133,-0.9931559296239445,-1.0494128461138996,-1.1397117145065288,-1.0807311159328408,-0.8570593188011287,-1.4399424008829278,-0.5512028077044586,-0.3671114661224134,0.01829908378512135,0.07311288331063445,-0.488770512044281,-0.46330975823701614,-0.38092299718830336,-0.5479377274675831,-0.16667948749262657,-0.10708373790025667
0.0125,0.2625,4.746332805011917,6.7393585636069595,26.353790313766492,25.808622367193763,18.60210534816916,21.473787861261293,17.167822752398475,18.164423273046737,-1.2165400054539641,-1.199875679972995,-2.0973057782134483,-1.9865239503934162,-1.5866754786143507,-2.574855876995622,-0.9479389659705699,-0.6118416220434177,0.28635013436983325,0.37639422534402467,-0.7300904334697027,-0.7104710008042117,-0.6077147984385286,-0.7283542941575882,-0.18120007417223538,-0.1318278740815011
0.025,0.275,3.1173307217966775,5.027494606582642,23.675195314644245,23.27115871703763,16.5616028237903,18.15325841816155,15.971042636865942,17.42488563069656,-0.7899684727833279,-0.6086170126311796,-3.1047672428744737,-2.9443834898876338,-2.3968662248360344,-3.612174300164496,-1.1862321660345359,-0.7801650776631945,0.5957535871775442,0.6875691752323998,-0.692348058869295,-0.7490172686155817,-0.7337226263203206,-0.5856276922654083,-0.10443307021985526,-0.11145625626155722
0.037500000000000006,0.2875,2.8149113842541986,5.131112415799324,20.22652249567077,20.010926369812818,13.93377328691362,14.13895575914795,14.585751903301652,16.571003672266627,0.3370010138049132,0.6121603638648636,-3.80763611767107,-3.7012599329765026,-3.125729857976319,-3.995597922030085,-1.139688499400597,-0.8197240307595284,0.7430576216547436,0.78260243839103,-0.1401631197202849,-0.29078870434058135,-0.46739319218537856,0.08950703200356717,0.05594354078861545,-0.0215958343063845
0.05,0.3,3.9867195280771255,6.857196756718333,15.906897057382249,15.896347536118114,10.448469634367946,9.666454119038747,13.56718662876738,15.790987477295413,1.2088414966343377,1.4824150081291703,-3.7462868391241932,-3.968449467719206,-3.7561452607217474,-3.657709839692738,-0.9774933920887214,-0.8204515430721442,0.5263883841955727,0.4820147635863402,0.603054420523681,0.435401993842836,0.20882731968656273,0.9429478074780462,0.14300988064905215,0.08751572297504552
0.0625,0.3125,5.9966434708962595,8.885309307863432,11.199758854042141,10.989728292771009,6.030022652998741,5.739200400672272,12.671308259444771,14.882752195949669,1.4993431181109211,1.66762050160198,-2.477361578690013,-2.9284344831805367,-3.2440019215983873,-2.104552947213665,-0.7725906490003999,-0.6996775608708654,0.10148549384751741,-0.005477305519615094,1.159097707847545,1.097078752227896,1.0740540384251862,1.6083081655785816,0.18160493247658754,0.22446359058249116
0.07500000000000001,0.325,7.570672161647336,10.56247120119644,9.457142939837594,7.939510416962502,1.7327518371390005,4.064586898935698,12.040797498350775,14.16675365349432,1.2608023960415313,1.2737267364319633,-0.7546324097465972,-1.1537862455714365,-1.2935935945921866,0.15704224981752538,-0.6547316879893736,-0.40260969773229843,-0.18415483615090789,-0.3855926862038007,1.1665824196745196,1.2988181953627707,1.7184562012177416,1.7686449511462783,0.23844096227527212,0.3645494138177332
0.08750000000000001,0.3375,8.5196506580237,11.61657770157017,11.064591660993033,9.34717251348794,2.0716225775361563,6.417124633131152,11.485993223507956,13.884732779812847,0.8184480333389035,0.6891179721153916,0.4920252068778579,0.37680221708909195,1.0132645010848322,2.1385668611076905,-0.39304468906733303,0.09367299948300456,-0.17277616120624933,-0.551557313954607,0.6269178006157408,0.8658653063795001,1.6500823117934655,1.2754449567344124,0.3401287876348431,0.42997557537876885
0.1,0.35,9.029227914721062,11.86019624202478,12.201318605173817,10.948694197902466,5.959701699138305,10.112703251896933,10.88618570678892,14.276948696702332,0.6285148582658071,0.04370284185346076,0.6019318664644686,0.8730231589598327,2.70750253402535,3.0639550118779773,0.024938439321105753,0.605620245839587,0.08036986652858602,-0.4800487806442705,0.02944570967289848,0.25173352014080713,0.9796659814525954,0.4680214110877687,0.4457978554522651,0.36984676193623006
0.1125,0.3625,9.359605761053913,11.68203664802622,12.287797055763319,11.369147487746487,8.98287022742325,13.407976529730107,11.283390709889034,15.296019671760686,0.9516060809675366,-0.47515412088180364,-0.021054713716842244,0.38748734645132876,3.005861573060172,2.8192154554281714,0.588218225518576,0.9460853442370359,0.3671761240268593,-0.21353111037759026,-0.2144932778729912,-0.08849293033699397,0.2572139008514352,-0.21930111789794307,0.43061600004350015,0.19525049799538638
0.125,0.375,10.293268901461264,10.748255937235719,11.855199574774794,11.293638724632393,11.814640682322203,15.888936010026107,12.266790951765765,16.489211436718335,1.5960727048701449,-0.5443811202907914,-0.35086390108475474,0.09953879045148054,2.608437776683121,2.1568250080961286,1.0836261319789973,1.0204179395718362,0.4611799409017883,0.18285663500939925,-0.01803678583500834,-0.023162628412480412,-0.19082231435051922,-0.5595995820624977,0.2788746131397313,-0.012387648305559485
0.1375,0.3875,12.645660569491282,9.796777249555683,11.132377607608333,11.11213698237962,14.173460951245067,17.62508553120742,13.736781728612414,17.509028130990025,2.170549730171031,-0.08449559870043366,-0.10404329871248645,0.3210797496582982,2.3488663840131228,1.4956262735088994,1.230691464821222,0.8625266425938118,0.281363821552992,0.5202142365199041,0.3477365838324912,0.22676438257585718,-0.29511627584424316,-0.6007217264167533,0.03568895053250252,-0.17863262420652104
0.15000000000000002,0.4,15.366564034853102,10.080920339806092,11.024708823827536,11.574893402843301,16.406595220643002,18.788273791638918,15.077620857322216,18.272534164946844,2.3249427381730015,0.7626567558097719,0.553242229787249,0.7904138152939459,2.0818885567962786,0.9277516925251245,1.0980748853684392,0.5854613551334016,-0.040125766509035724,0.6033492967444449,0.5370969682373291,0.310193861503515,-0.3010338026137863,-0.550313571832906,-0.1907365155218383,-0.2724949824430231
0.1625,0.4125,17.67570684521315,11.593226453238865,12.182825937674515,12.833918896932524,18.431224878328464,19.4364390064682,16.031433081216917,18.71699152061549,1.9939901720810682,1.472398123667435,1.2655751400096116,1.175871746909382,1.7935548037823774,0.43014348112990675,0.7594386014863677,0.270400515423648,-0.3174932556117018,0.41314826238849467,0.44952547377669505,0.17122097476911075,-0.3676318914612515,-0.51325610016809,-0.3219246277086378,-0.3061343890384703
0.17500000000000002,0.42500000000000004,19.40295945446534,13.663315114442987,14.096186558677948,14.384816843825671,20.0952015027619,19.62201773502134,16.60983970230571,18.81253651757261,1.4837236513699477,1.6939185022474987,1.6498117207408416,1.2231120993435138,1.380924553729562,-0.06200145487890474,0.365569986037233,-0.0459939090581976,-0.4362622843045232,0.08703271558188116,0.17917766591866838,-0.061026306532409244,-0.4496788952466642,-0.5165382254014652,-0.36940205492514655,-0.299958683672082
0.1875,0.4375,20.597413720090504,15.367570480574411,15.924514440231185,15.586533996435346,21.296931829097506,19.358930965165744,16.767865313552505,18.59102953179538,1.003692995514049,1.5156148400231761,1.5952993246941924,0.9608354814790679,0.8611889282402234,-0.575777653629536,-0.012679224056363837,-0.3524176705027401,-0.3961937608340982,-0.1695966835400502,-0.10638595378845098,-0.23851255161672952,-0.5214832335870001,-0.5618228126606597,-0.3440902749869994,-0.2545868734086147
0.2,0.45,21.324328854264163,16.663340837375813,17.40292317625341,16.31414634980946,21.87836451390629,18.517020537895622,16.537254671340587,18.10554561406591,0.6387799049338951,1.1762119755413072,1.2842684670383004,0.5928004153470567,0.29967701833403454,-1.1519788671024802,-0.362876476485928,-0.6029229702638144,-0.27038809162770505,-0.2744024035341724,-0.2873513247125468,-0.2800724007959355,-0.5243658723491778,-0.5407653702831878,-0.26544788863497315,-0.1525498264438505
0.21250000000000002,0.4625,21.733487122883982,17.671287791888332,18.505954252357746,16.67343155133597,21.845588013957386,17.110049336883378,16.00432947641766,17.30839861985514,0.4354932411286036,0.8832679693202798,0.9164169979186273,0.29846483082396313,-0.2732375964548591,-1.8339818760616038,-0.5967895421870489,-0.7240693210166171,-0.12082647888203382,-0.27467949075096654,-0.35006167942488614,-0.20990865648161222,-0.3999244558245775,-0.24751194874092977,-0.12630040593995534,0.017541146036420197
0.225,0.475,22.028822277738076,18.392516336492562,19.22680898780617,16.805370143110643,21.319258502002132,14.986564213650123,15.177225238443492,16.43923712222366,0.4158830704241453,0.6380799199280851,0.55249626056589,0.15393542069138882,-0.6736915456687853,-2.1367261950788103,-0.66961429807229,-0.6229172160205116,0.0030715853711648367,-0.24785346877897352,-0.3454527443830801,-0.10442396508021035,-0.12884047714479713,0.32459518659706277,0.05669551374121934,0.2152651877438551
0.23750000000000002,0.48750000000000004,22.422633213996566,18.919322577617436,19.59465652404794,16.83324625390457,20.21029685277529,11.954249746980475,14.463932319065808,15.803837172633422,0.5110090183587548,0.4112834140749545,0.21087703080596717,0.13072469639884082,-0.651749068881254,-1.3209637333460198,-0.49081234296295956,-0.25471481744229046,0.06032685719299633,-0.24492969481231044,-0.31335229532713404,-0.03354906702825912,0.2142648102613931,0.9291149377891885,0.21647252578587314,0.35930442643936955
0.25,0.5,23.059171160828598,19.229723044151687,19.62105334323776,17.003916101982103,19.327552366153412,10.411289357453022,13.959381759655063,15.743240257574211,0.6163799431746437,0.1729369092691023,-0.09022527132077016,0.1545506571585662,-0.15526963117675371,0.2144879945250418,-0.13238750739187602,0.23872571666829784,0.03292960067709746,-0.2635083405820174,-0.2611894194632833,-0.03427391639070624,0.4513613825088754,1.143643767075547,0.2917866714409615,0.37415767670989875
0.2625,0.5125,23.773357773132496,19.309101508433542,19.363217228671786,17.227782053894444,19.582695737475476,12.79286809825183,14.159189500997076,16.382822964968412,0.636879090718336,-0.10880899941178086,-0.32898371277371297,0.13041187744907887,0.5388754976060905,1.6359857180824129,0.2169596914021099,0.641631344835826,-0.054810107949187704,-0.2954469672320214,-0.1923430734948155,-0.09778121441343049,0.4382266022810285,0.7602588672822969,0.22936032973490872,0.24510479750653272
0.275,0.525,24.43535971404333,19.06231141743002,18.891402278890396,17.380855528908537,20.85671090376827,15.639695010639654,14.667659110518478,17.343372809397653,0.517596037629842,-0.4194155762386341,-0.4835204649606865,-0.01727775178726141,0.9878030836319194,2.1030179145847083,0.43543304194998295,0.7996980863899239,-0.16156099314166936,-0.3217919758460432,-0.11866620553558811,-0.18977706426541552,0.19334827440211774,0.1119683733828335,0.07726023127524909,0.039882540754214914
0.28750000000000003,0.5375000000000001,24.91893439098088,18.458983393919365,18.31456349235306,17.296835927686747,22.140095071998314,17.519975510799224,15.19459210064465,18.21192762090083,0.28635043138521715,-0.7697751793312844,-0.554190739848152,-0.27226717119539784,0.9678475851195518,1.536065643035631,0.3720790310406546,0.6903229852295599,-0.25378665461812255,-0.32140175699860246,-0.06333568465297504,-0.26746908481730947,-0.11161932052029144,-0.39177793775673375,-0.07884654404207359,-0.15061217802770047
0.30000000000000004,0.55,25.074363040053615,17.557704220215605,17.727777886593692,16.883000406149645,22.98786811705159,18.562825224102866,15.61884566958119,18.82717836155762,-0.016160692867143566,-1.105539880001362,-0.5709527854614912,-0.5929951398462731,0.5969856970771044,0.8242898989626003,0.17635397916509704,0.4137926002425054,-0.3136937962555855,-0.2829948637736524,-0.0483828377855677,-0.3008260217445926,-0.3108961461443133,-0.5310459777632786,-0.16965917198269667,-0.26597957704029684
0.3125,0.5625,24.88560826705344,16.21252921038433,17.174075725579378,16.1153737592969,23.356355056431575,19.01163120669838,15.543991376668993,19.092535115036227,-0.3651758171237841,-1.3727556325234294,-0.6019459757881858,-0.9190748526079627,0.17618758828204087,0.31646003710979825,-0.04773349741581505,0.08152319777103294,-0.34279490288727693,-0.18420957488507278,-0.08168057066478734,-0.27908166871699996,-0.3548452094583231,-0.38423587463777753,-0.16121862932757647,-0.29311789929385146
0.325,0.575,24.371219311671332,14.657839109190729,16.60688223496978,15.006610913872095,23.233509396937162,19.015316657503078,15.374729368331792,18.972032063542482,-0.725109819393585,-1.5328996685108236,-0.7015570359185082,-1.1980040198039419,-0.17084764867089178,0.05759082873123198,-0.20295655373526547,-0.2257999050822967,-0.3437988013174643,-0.05564469118796771,-0.1523545443414473,-0.2105804540348847,-0.30114097151522634,-0.18749044680002785,-0.10908345942373061,-0.2437339858692547
0.3375,0.5875,23.4446271695531,13.045137786814657,15.865281439224086,13.639656410785708,22.898212373465732,18.87602997964811,15.077982764190274,18.547116758763565,-1.0731495197879468,-1.4771431595019175,-0.8972914679435803,-1.3651710748015633,-0.42246178929806566,-0.0017641950375725912,-0.24435884914704645,-0.4554702585772965,-0.3140206119981645,0.05255415144079203,-0.23027628985263365,-0.12210641570059566,-0.2433201908172827,-0.052430654345399216,-0.06328932848308594,-0.13898971582118053
0.35000000000000003,0.6000000000000001,22.16930449183586,11.476901589446323,14.874389850178797,12.130838981385532,22.362701215180053,18.91857998128416,14.837067207144223,17.97088801428247,-1.3811678481223837,-1.3315695724519565,-1.1850527610910304,-1.4228492989238963,-0.6093944717089741,0.045949781036146574,-0.2707506420879403,-0.5363806009296035,-0.25440515423776067,0.08875559734560252,-0.2785433377799391,-0.03972828964947739,-0.22102283536843137,-0.011756685751827122,-0.06161897390886055,-0.014557019789971653
0.36250000000000004,0.6125,20.62081807803144,10.417282172746944,13.553864578256968,10.727404351532366,21.6794502008198,19.051178569619974,14.591028211527545,17.31575584677975,-1.6072498627502074,-1.2106499233489028,-1.5115795624650927,-1.4171842915509638,-0.8211399542853315,0.06012728923034487,-0.3302830956549073,-0.45813503341121625,-0.16612738061942356,0.0255368889547394,-0.26046052157180577,0.002033933107562125,-0.23753987167915147,-0.05146250893596168,-0.09618298495232225,0.08498799811612658
0.375,0.625,18.877284616820244,9.313919053964803,11.837326859998187,9.348490448879284,20.795918124715257,19.15749126769788,14.264453434223455,16.90580951488637,-1.730085419101258,-1.2223682998593184,-1.7871296775574474,-1.3706388596766286,-1.0766227430194157,-0.03213834216186236,-0.46808930002563776,-0.2972526166151951,-0.06829089029526021,-0.058886159704608795,-0.1294420360333144,-0.003995000819104732,-0.27452261835643244,-0.13168666380372993,-0.11761080386436737,0.11082601213513085
0.3875,0.6375,17.05438779330987,8.073379437810903,9.825915121988928,7.944909219284013,19.575904147271473,19.057210782592975,13.712874172376122,16.788980841405532,-1.7293276373956274,-1.4040593510245396,-1.8985556175694007,-1.3811066288873866,-1.3765470120386023,-0.2200326781183765,-0.6266044449398089,-0.15009426015386787,0.007135451209556787,-0.03668006848333523,0.12288175800473426,-0.010271501824776097,-0.27880933539150066,-0.20155886071034573,-0.08982538618773782,0.05275437158218412
0.4,0.65,15.302092538690355,6.537011457617751,7.80271619052558,6.668892249126566,18.03136052685714,18.75487216398835,12.935697726591746,16.748012433893603,-1.6615834122759747,-1.529295657137182,-1.6387749137054484,-1.4608631343512086,-1.7043040346145009,-0.4724035543081424,-0.7106439867673264,-0.1362709268826233,0.030559127150838174,0.2335323161587552,0.43130180056318307,0.0737297495450634,-0.22409299571360472,-0.24141038449809837,0.004262721187360152,-0.04627902289824828
0.41250000000000003,0.6625000000000001,13.761775930118247,4.785439215797772,6.078391825146268,5.161670306971792,16.17899393955585,18.152324730882857,12.122383840644355,16.644183086506796,-1.6058236101150651,-1.240586587126647,-0.971348154367421,-1.4234296633375543,-1.901345985445292,-0.7275344082482438,-0.6581326832227521,-0.2748540203665815,0.018172620763599913,0.7443022177521065,0.7056919237349273,0.36805183981035305,-0.1144159108546657,-0.25734664294998877,0.12846888663868716,-0.12482145730639345
0.42500000000000004,0.675,12.215673487036183,3.3114108792854573,5.517213939892274,3.4357942332793505,13.972853055500565,17.247916522012225,11.506478666252706,16.296853757922623,-1.6390417969873483,-0.1364431010144886,-0.09422440634252212,-0.9808285947262277,-1.9346882348840944,-0.9854393995874208,-0.4310115749473654,-0.46626785100007967,0.06554794413512081,1.246497649614751,0.847643591639123,0.8174374758697646,0.0060651819708845475,-0.2720759732878905,0.2392026353135109,-0.11769866462823397
0.4375,0.6875,10.568479268561632,3.483246791343815,6.111925475468476,2.444309910519849,12.098427955723299,16.173016562339818,11.136820286431881,15.640290077558115,-1.649735341221941,1.6210254596746463,0.857628747423773,0.21913530035188838,-1.833434466177134,-1.2502479702286813,-0.12407621765635372,-0.6092030846271068,0.24907470809833515,1.4154718308645156,0.8353717173928734,1.1773485209988048,0.13520373573279992,-0.2843182204347653,0.3083772476884682,-0.007241911240661841
0.45,0.7,8.703531884531921,6.505892164772287,7.314827333651865,3.123429473721399,10.398202344352942,14.817329250322764,11.273421628961156,14.918619683367545,-1.3118878260469327,3.2723865675359263,1.6849545935945698,1.8050417631528926,-1.7079338843941572,-1.5714266397573762,0.21834095701702907,-0.5575897178935305,0.5464469525917588,1.0829495192641387,0.7032340506301974,1.1995819322082746,0.3414351798688924,-0.20547365576799823,0.3110221608548983,0.1472203922661573
0.4625,0.7125,7.269170025260672,11.293325871427589,9.467728865385338,6.41352918851021,8.79914696424399,13.11637851558418,11.618531271008361,14.2872847006488,-0.5240270550935973,4.132357732920722,2.3159209326284005,3.0703777627169098,-1.338704482026261,-1.8561318903370925,0.5590772892373914,-0.2654026431231653,0.7990635410199409,0.4275819852606599,0.4678883018186409,0.8037681243911543,0.6274401010669723,0.06844165817913705,0.2498087170140295,0.25687597085536185
0.47500000000000003,0.7250000000000001,7.305888978452,15.768304176923202,12.264085212906693,10.476393410048633,7.082824129269433,10.919102346603163,12.357327959049611,14.185407856909627,0.5303388229072741,4.022638358683167,2.6927997542061513,3.591459835132634,-0.47487732761506907,-1.7098657183732064,0.7825224758802538,0.0979338895787361,0.8232682425754835,-0.19129506314699096,0.17830610030754301,0.2295499134421295,0.8737864259109387,0.49370685328630814,0.1258037328159145,0.2479883313954958
0.48750000000000004,0.7375,8.647165446133606,19.51382944987197,15.216901198983066,14.11971675594078,7.062594653133748,8.841470562514155,13.39025356757461,14.679882775171247,1.4244690394006603,3.3838094904043254,2.693147676211187,3.344766886317789,0.6872377607681841,-0.8388201400250809,0.8428766079821814,0.34741496591356924,0.5989824456827278,-0.5514612186954891,-0.11113155448042478,-0.2407548110568826,0.8760395691342799,0.8532881035191229,-0.032332738744149325,0.13066208868496584
0.5,0.75,10.666228288631824,22.508832168965935,17.90423993788376,17.227634865669284,8.892091861832718,8.405454634991745,14.3001728600793,15.211990094000003,1.830205339583356,2.69018537305917,2.3878717233408917,2.8155967685631005,1.6480271237633137,0.38845175151815925,0.7054599617242066,0.37594313456558126,0.24853330771306056,-0.6488914050189382,-0.3403341744191304,-0.488327674437903,0.5858060590431377,0.8804236013886524,-0.15757821392662535,0.004897989537675421
0.5125000000000001,0.7625000000000001,12.71134556717406,24.84210932742785,20.11338988395274,19.76174289228883,11.330701901803268,10.179101671264485,14.861491860404424,15.51106841167146,1.820951914982001,2.0412781322552753,1.9127271756589064,2.2545352407172636,1.980041137955947,1.3611498923128393,0.4359448525946684,0.24890317780824134,-0.06247898017522713,-0.6214809138134372,-0.46866336988033197,-0.551982076135322,0.1812064495834764,0.5298251609610612,-0.1903553943786138,-0.035832517174497217
0.525,0.775,14.424825615848553,26.55509110344111,21.755199487126315,21.73336418469011,13.188906123751241,12.192545549818794,15.149008621255737,15.649530711487428,1.5747639236819067,1.4494470126630017,1.3813391323866395,1.6949372857433815,1.807751279006738,1.5922672724010947,0.19809728394088372,0.17167973131977715,-0.2508017949537361,-0.5783516516502024,-0.5140822274211985,-0.5530233115788272,-0.11509223786918073,0.047928043814196464,-0.11108489432037216,0.02666250073674271
0.5375,0.7875,15.872626357435246,27.69709064391076,22.85505730265632,23.139528300016686,14.814393211954222,13.753674566664827,15.145559949959734,15.705628355468741,1.2397948464752493,0.8967741015352235,0.853097122286653,1.145186247051038,1.513407931063854,1.2083979043387576,0.14478097498077389,0.2703840816639852,-0.3481490312824264,-0.5473304829687532,-0.5134679512857079,-0.545972777287428,-0.22589054595454328,-0.2836486347574215,0.03501409042172807,0.1292170117286923
0.55,0.8,16.959407511910765,28.328576574039488,23.440101890465165,24.013428590522263,16.189002601790932,14.579504549297047,15.148625235006064,15.973108778700247,0.8667748990680513,0.3706791301681836,0.34727561292102604,0.6051547075020771,1.3058825378634566,0.7044679645761824,0.295617428929293,0.4985151863214229,-0.4041901025362636,-0.5374471546744847,-0.49802637909760766,-0.5423345505931352,-0.23117322416808045,-0.3119446424366267,0.15481769323910638,0.1750182715259226
0.5625,0.8125,17.6430288515192,28.439237099804778,23.53642429371658,24.347641924627943,17.397693318102693,15.027611693219146,15.58558842843313,16.701199786384976,0.4342012708767967,-0.15599034134108117,-0.13758082103682626,0.06956264340077567,1.1015227787548714,0.38680637243818783,0.5622552322091041,0.7315705089508799,-0.45548050460548684,-0.5519416423816021,-0.48390309382354024,-0.5487944635434857,-0.243746472998301,-0.1086284746002593,0.1718108744588865,0.1193578180934812
0.5750000000000001,0.8250000000000001,17.873498864146832,28.03741352633502,23.150894056201317,24.155080909894867,18.42666875999429,15.077916809422547,16.407081526665504,17.644320927636425,-0.04338980120018476,-0.711406539271269,-0.6134537914396588,-0.4789236653971628,0.857827734320827,0.4433398261682463,0.7634486215222506,0.8161778753059427,-0.5096004628726488,-0.6013513035114277,-0.47545204424432636,-0.5718395426761231,-0.30125372077940304,0.15469235801060205,0.0825490707231282,-0.009275024741937221
0.5875,0.8375,17.586587035701196,27.062720461057587,22.311757114604113,23.416515357334262,19.2031740266269,15.438500298793016,17.327607965175535,18.527874825755053,-0.582525326418067,-1.321891275653061,-1.0860536446507059,-1.0567468842167709,0.5187029678436638,0.7958196005414291,0.7699197509787276,0.7083418276391313,-0.5417487200043142,-0.6679150756064879,-0.4635813685754558,-0.616418789541286,-0.3820870143538966,0.31710000250496945,-0.05385440702517291,-0.14899995485229237
0.6000000000000001,0.8500000000000001,16.770679413818844,25.45980219705674,20.985166522823103,22.08437354718329,19.575400919132964,16.590759377351343,18.094858574246114,19.140660635544922,-1.1728641166477611,-2.053126920232965,-1.555748196493666,-1.6908882420697655,0.09102383942204532,1.273423140577572,0.6045305231601222,0.4637544032676111,-0.4914628262517263,-0.566700140127425,-0.390486743725372,-0.6635840016014278,-0.4734456007961166,0.2882541534664641,-0.16526642955500107,-0.2475296516838946
0.6125,0.8625,15.28181194459286,23.118586386178613,19.189019837152156,20.099261184899877,19.416842077751674,18.250288411961893,18.591298659536463,19.494739070626384,-1.7098051714209856,-2.8247055288926726,-1.9843404613871019,-2.4065490159693534,-0.42551034556522077,1.5572647277583722,0.3724422462643037,0.16278247070858393,-0.2599258522358386,-0.1148368065311098,-0.15989620453351922,-0.5499642901742635,-0.5949828066803573,0.10180418817529305,-0.21445243375938672,-0.285874665377213
0.625,0.875,13.161565826462194,19.74384596260968,16.933521712458965,17.359266785763232,18.77495393154213,20.03913845572597,18.79788879528565,19.479660821538815,-1.937064009957357,-2.793500113288588,-2.116744101698321,-3.1219426075280103,-1.0372936129553139,1.5038880298920954,0.13585522610445722,-0.14869070464825676,0.1620748044168025,0.5994637844662604,0.24466765863502254,-0.09088065120009445,-0.7914586561359341,-0.14269845401598488,-0.2185680352649751,-0.26627424921394705
0.6375000000000001,0.8875000000000001,10.842117972274593,15.797170933817755,14.415877212850672,13.746323658197523,17.475845792596214,21.500634398397565,18.838304085977285,19.172287086301026,-1.5000546409424618,-1.5258887117807984,-1.6050367147159743,-3.091041152358966,-1.892052339369443,1.1896080967606326,-0.06800476929037344,-0.4148089452889998,0.6283216528343316,1.2149259274715791,0.6745705582702552,0.6177187015156455,-0.64889643080132,-0.3328085125897414,-0.2172940821760093,-0.19398313348653912
0.65,0.9,9.305206350191192,15.153009356794229,12.78801732648224,9.651129272894414,15.359430996934124,22.485026533593985,18.65063199154799,18.558433104466317,-0.4673653598030105,0.29478359354239936,-0.5220617766541169,-1.8030454298754315,-3.132998444355514,0.7437591859965174,-0.2680861453874147,-0.5788211348033322,0.9220588174139174,1.2667274341542,0.8806963752731708,1.222778967696576,0.10724177554773255,-0.4259669622203736,-0.23014667795364502,-0.06852085979088234
0.6625000000000001,0.9125000000000001,9.709718478016052,17.784561130182347,13.236588456560646,8.498124179539456,11.664341848208462,22.97538485683105,18.324903214953427,17.881308202717634,0.6969537676734994,1.7057822550497295,0.5911711674420724,0.02259590278258461,-2.622140083871721,0.2732865867574542,-0.5120574788698068,-0.5920679816465739,0.8978636380719905,0.7414929423473209,0.7095984470439098,1.270997607321199,1.2332043072342493,-0.43701631266915414,-0.2382185241021059,0.08681579534729018
0.675,0.925,11.390938774576412,20.22406883213938,14.912857207333394,10.968139375715108,6.015713681958435,23.020559156491814,17.714158503860506,17.23104458931385,1.5747258728042495,1.9243015740671485,1.188633833588509,1.435133703384094,-0.13604086296551204,-0.16778602620818361,-0.792851808874051,-0.40266548542388136,0.6349819363025473,0.0735427783014497,0.28112136107622154,0.7093798429040928,2.1053021966941774,-0.3864053415832097,-0.18348467550931638,0.22776919324189882
0.6875,0.9375,13.28402059844948,21.790552471393827,16.309313109635458,13.2007981207001,9.037004030725454,22.599301020735922,16.746253435471992,16.87564143564439,1.9682179331138616,1.3668170096934316,1.0876077153822619,1.6448573176172658,2.7754904061068024,-0.5397008604827874,-0.9967145580575847,-0.06880779324227433,0.3116830970556116,-0.368930464363438,-0.14075095144741198,-0.025235824989836043,1.833897029794155,-0.2775503520370322,-0.020092616956715013,0.2978738096811394
0.7000000000000001,0.9500000000000001,15.391684653995725,22.77152155652423,17.19482416788738,14.475460819234563,15.992895590848068,21.83413832060063,15.475697836918451,17.047939060883532,2.071912238989545,0.8319801077277968,0.6353267547568962,0.9327230772276922,4.694697294126112,-0.7817737982994103,-0.9431809833401076,0.298394737204012,0.043329960733440955,-0.4773621348125136,-0.3846194942761688,-0.5481657943558846,0.7135679006805228,-0.1200121019263359,0.21044316672060104,0.25535759955117016
0.7125,0.9625,17.550435203875704,23.34491981645708,17.533643553194963,14.968750045866058,20.553202924297658,20.870090972362703,14.46056075813653,17.62882200072142,2.0067760698589097,0.40729066640221523,0.1640699496208189,0.14762209091160533,4.131975986553243,-0.8074712873820935,-0.5373559764203536,0.5467709554451765,-0.137196393312966,-0.4343654727239218,-0.4248651297525886,-0.6637392879120579,-0.397867169375291,0.044679423845039604,0.3786183353963174,0.11428259871376109
0.7250000000000001,0.9750000000000001,19.617292666811025,23.60678569824674,17.47732575933812,14.74777879927059,23.73110070580289,19.97629518918137,14.1410999258277,18.346427992795395,1.7720966080989302,0.017254071650188506,-0.27269475491161366,-0.5570776550424987,2.753555850213882,-0.6339613223902102,0.0296847339103385,0.5663331379882439,-0.2592932655375855,-0.3946609033684131,-0.3236450582481892,-0.3780429811597209,-0.9908477186823743,0.15588973144666268,0.369159275117149,-0.06907114327143371
0.7375,0.9875,21.20509694133638,23.40937373254365,16.98841206201418,13.802749585240113,25.82778140601426,19.490866149535083,14.7267725089156,18.96025174691434,1.432143781994339,-0.3976473358873733,-0.5827071785464263,-0.9289387558079282,1.7567252811864624,-0.3902099792121895,0.4099442602987791,0.3686359999344152,-0.3217181641340433,-0.2887461122088621,-0.09662826923087003,0.14874777833956723,-0.9722487217419268,0.16005433480346315,0.1672449850221665,-0.23139963590114063
0.75,1.0,22.42483682576004,22.82556495673189,16.103966138919702,12.273072774335041,27.123385601059177,19.35394412006339,15.491015631080609,19.213889877728292,1.0627620552339025,-0.7388554079694746,-0.6095099724004271,-0.4192114052111453,0.9280840533976302,-0.21095579515104887,0.42896527388607114,0.04210649860222411,-0.322301786161103,-0.0280124738544519,0.23431400269408292,0.7119735433401058,-0.8159239618746976,0.06005087386479728,-0.10925897390487634,-0.3275555776446925
0.7625000000000001,1.0125000000000002,23.307382034372893,21.747293507777638,15.306787470672042,11.56140927929419,27.640686882601827,19.230216610860747,15.835324207003971,19.038271057927048,0.7528525256212071,-0.6583851548322638,-0.15066378778912454,0.8224278576937648,0.1834682762517353,-0.21870237698435843,0.09922867870261261,-0.3481139043675167,-0.2809473399666322,0.3466988063712911,0.5429148061373309,1.0005995894769386,-0.7398450414628023,-0.07956829554111307,-0.3147606396396131,-0.346437979546372
0.775,1.025,23.87996039646228,20.743548770782372,15.270588193007056,13.772391926187824,27.46506823449726,19.051840982763295,15.73165044621387,18.517950830300162,0.5002333054799809,0.007560611850374243,0.68285356318015,2.127106754907184,-0.5394354566922435,-0.4194607541801393,-0.36125234481595997,-0.7130697980842526,-0.2268728534070553,0.6461663306477278,0.6609051537383791,0.7969908247604047,-0.6536729902165275,-0.19224659484394108,-0.3733917541134588,-0.27873159496893696
0.7875000000000001,1.0375,24.241797784091293,21.15845605135709,16.65178209602488,17.165229297782545,26.574281470553895,18.548405833263338,15.102598494862033,17.567651748790823,0.3086714570381389,0.9626386860591577,1.4856850843499396,2.8009001115176004,-1.2087401710826122,-0.6837989774032096,-0.7687501285482707,-0.9859657494542062,-0.18994872462258988,0.6519324517593686,0.4970319399421282,0.27437867339474475,-0.44963716946158216,-0.22281826382014644,-0.2744197999551934,-0.11423620767587273
0.8,1.05,24.458795478300743,23.157786744194034,18.845736642144033,20.106696539626782,24.959411023621925,17.597545737961397,14.051116763071779,16.38385054187514,0.1504883224901601,1.6814643248234535,1.876841360221936,2.5765065916789602,-1.6441766740178334,-0.9396404691613288,-1.0040040930557812,-1.032625553699116,-0.1806516396993188,0.3418684024325268,0.14523620185160566,-0.24068735986282616,-0.08753217180633717,-0.16384124861618013,-0.0694801964736038,0.11451486258918994
0.8125,1.0625,24.561321778644356,25.353367951367595,20.94763866785325,22.398757530162715,22.849814632626433,16.53836934624565,12.831840405833663,15.175492454868527,-0.02201860599683201,1.7643252474780398,1.7375020134006234,1.9696213062816004,-1.5123469623933807,-1.0727038385944958,-0.9514944469534437,-0.7595170649394486,-0.2012380628730003,-0.08789926092062306,-0.20505096441816234,-0.5349423888589967,0.3254390162490258,-0.05768640018298497,0.168717131516525,0.3224964284173943
0.8250000000000001,1.0750000000000002,24.47264001163655,27.053414444894386,22.50686670820255,24.03816076839254,21.106418283371823,15.358656880465496,11.847009025449148,14.55090270876573,-0.23767986149912765,1.3160593433035672,1.2831261079128364,1.3393093582110531,-0.825292920068545,-1.0442145666653968,-0.6172811679813925,-0.25371982739568166,-0.24400143178111486,-0.4242639281320907,-0.4242734084936031,-0.600758608067092,0.5786235230025877,0.04669612850499161,0.36050270776119314,0.4085643458345074
0.8375,1.0875,24.12478248743923,28.03226843839711,23.50872712999874,25.047603714807668,20.939043028712042,14.30433106903881,11.44718012890613,14.686540340648286,-0.5034347653322186,0.7058448722159856,0.7572878884136778,0.7447867839565709,0.009013033187872565,-0.9199439295661005,-0.11852593350283999,0.2370635294810482,-0.2923851278133278,-0.573062319961072,-0.49936094109092277,-0.5800232169808528,0.5086456374581141,0.09891093412220366,0.4322214394227145,0.33024489206876256
0.8500000000000001,1.1,23.488665816407668,28.398633217197112,23.98082295063547,25.47882023835957,21.788332225236395,13.493492043237833,11.657041061628583,15.359727462006854,-0.8288107567477209,0.08938487179402763,0.24558138024739334,0.18513081250601465,0.48826094320447844,-0.7825397811505684,0.38202518902488264,0.5119058782631727,-0.330063889318974,-0.5903918226282998,-0.4972138025122197,-0.5554067967203761,0.1787989207730576,0.09223565177980528,0.3666858454131341,0.14171424474988542
0.8625,1.1125,22.536135049597704,28.20998292629616,23.99709998870518,25.402361714962055,22.55392282763351,12.871232117028978,12.334194720229746,15.956397725653206,-1.1883787974391744,-0.4876491165725504,-0.24053032822126888,-0.35340550577014407,0.3741042932606778,-0.7089865607408917,0.7099595716569912,0.508894542574937,-0.3420914235198276,-0.5671716280911423,-0.47650351085210907,-0.5406918444724437,-0.19909276006166335,0.05396526158784313,0.19041130757877128,-0.046860416722003494
0.875,1.125,21.12290994681871,27.411481559915,23.490587180086298,24.78643583084542,22.74028309993348,12.16250745071757,13.313627674911753,16.475503407579133,-1.5455272920405196,-1.0391527754436638,-0.7040337963307888,-0.8886284805274698,-0.11384394623965974,-0.6885149921789748,0.8019053065043622,0.318935889806801,-0.3161571053995035,-0.5343033731883168,-0.4536478049195896,-0.529299192497165,-0.45707625316304706,0.011514122411291738,-0.041694227659924275,-0.15831253284944163
0.8875000000000001,1.1375000000000002,19.365766435037838,26.087598684175415,22.55119337416698,23.626768389714023,22.333589057666888,11.424890561594482,14.1686846805495,16.67312508073683,-1.855533615284957,-1.56574444462088,-1.1504220775577767,-1.4217927918889053,-0.6853983223983751,-0.6971300161126817,0.6235905456512766,0.09924644009921657,-0.23737809558773137,-0.48551301238502365,-0.43099774001380703,-0.5102031211083814,-0.5755474563366285,-0.07580062818267555,-0.2751234807712385,-0.17181566967308307
0.9,1.15,17.346213663485003,24.264061461039166,21.183607276250626,21.923474498346238,21.329279379021408,10.774087860060206,14.749322613990516,16.596043233499046,-2.076018874822347,-2.0430843301233916,-1.5677117696823006,-1.9271715069204294,-1.2673690147812304,-0.7308974414082148,0.21673856372811856,-0.07483273474617533,-0.12929605951575338,-0.40327749911657385,-0.40450066661665457,-0.47867429666131506,-0.7030817470893064,-0.2494507694337008,-0.4720144810370398,-0.11073804251829085
0.9125000000000001,1.1625,15.146815114839772,21.954970752629677,19.398479552834132,19.72487842176712,19.832433076097672,10.079791831794251,14.734299978946748,16.392360013189332,-2.1100234839869176,-2.413248401157805,-1.9636800416145483,-2.385149598115571,-1.926870454151679,-1.0667984770396495,-0.37307446081107953,-0.15329949351399003,-0.0410117112851172,-0.26561966651266306,-0.37554658116585815,-0.4989638052716262,-2.2047231669229825,-0.13173126054775552,-0.5135631470914902,-0.018340389955207356
0.925,1.175,12.852291232806007,19.26237387507091,17.22838524234122,17.101523280216725,17.654016016811937,9.180569608576612,14.114512844353722,16.241722267622006,-2.0647626552683063,-2.6317882927580705,-2.319908147385676,-2.8003215607207124,-3.0085166158095396,-1.7509346088839948,-1.0598345954496586,-0.10848135597804998,0.022512904422007908,-0.08088188273613209,-0.3278671954251659,-0.5683234818942541,-1.8144121051836493,0.4421894845762903,-0.24329450663889735,0.06378607341768305
0.9375,1.1875,11.062610230442747,16.522200471370518,14.710404183048944,14.111996008200924,14.536868468013228,6.887657302138033,12.6207172613125,16.0837880961054,-2.0662202814875634,-2.599490795866856,-2.6520567945353797,-3.480036791346895,-10.838440356499135,-0.8457677351135693,-1.3059386102172854,0.024368800939117106,0.2489617472558944,0.11562966671985228,-0.15574057392055254,0.011535923396322234,0.22806671932666447,1.2675993871386104,0.30059757659755915,0.10487870399818186
0.9500000000000001,1.2000000000000002,9.064502829341983,13.821505137878393,11.928104224214842,10.728307901525774,8.934478604015933,3.6154820804683423,10.506940995559347,16.20792241215076,-1.9853559539619845,-2.3543725464495266,-2.8628593703477145,-4.221345319776038,-5.883644589525749,1.3695346105101964,-0.5333018947632653,0.15526348511568636,0.758649166567557,0.3673651966602989,0.2932516772904895,1.1359464581638747,3.167753159994885,1.794156854298412,0.8488782904702304,0.08670045538114632
0.9625,1.2125,6.709607909133966,11.677951141891656,8.788336089220422,5.511302154378121,-30.0,8.633496920280539,10.008392852257508,16.53110394562054,-0.9049180983606064,-1.9738079407128155,-2.4709072997362918,-1.616958101606297,0.6510271293397484,3.7109638489563066,0.8666470718335194,0.23922160593005123,1.3589472602192176,0.6763746736371471,0.9239488580860324,2.315821923676217,5.809850029156647,1.331057922559477,1.0133020302418034,0.023541878996840602
0.9750000000000001,1.225,5.102012623650474,9.912635807562708,5.875122437516906,0.2951436082479356,10.5042273031898,15.15532285205634,12.754165575064892,16.794381768442868,1.1478320860060003,-1.1078037370335962,-0.9442245083327723,1.9478713852283627,7.0855154412454455,4.941483870573127,2.098264015876091,0.21759451843221456,1.6513994080213181,0.986655832481533,1.4348816590327256,2.7118980437715146,3.000361604599848,0.3058743522955127,0.6412333222965124,-0.04907989188022164
0.9875,1.2375,8.51926484148547,8.607595432964283,5.3823585777164515,11.243787646808357,17.007129765125036,19.67255616112557,15.830340330727324,16.986666447609604,3.161921999624532,0.15909816761091414,1.0083700648873113,5.014464474531989,11.726229773898499,4.02354724765235,2.4447885856720535,0.11091267926505602,1.2669307740975724,1.1517808704783055,1.4571153265442447,1.5232137661939937,-0.026629689613167827,-0.60691810259717,0.036428040570842056,-0.11402103959265168
1.0,1.25,13.898834793196233,9.817664307174098,8.909970438302965,17.60142208145247,20.858490927680645,22.803371812911465,18.087287335704893,17.068113753317302,4.238221037152037,1.5124535617962738,2.571910242504112,6.022433611012393,3.5805621111941135,2.7426146726397382,1.8837939598000297,-0.025981510952924225,0.4566006023127402,0.9815082301913638,0.9098211360613876,0.06365546801344361,-2.0784090305428573,-1.0165699919742768,-0.44815249162550463,-0.15423951593383348
1.0125,1.2625,18.120806822483747,12.520927730140532,12.312762413263949,21.9304852904358,23.454017057247075,24.927208678114724,19.565774900297775,16.948801349508603,3.8845412965542367,2.474967762263777,3.0566019575664893,3.9618296164716567,2.270355346299575,1.7758079349371507,1.1560223027257603,-0.20909557734063783,-0.2656349351853756,0.542269366670473,0.20708434031596953,-0.9367980852078499,-2.414360277322831,-0.9257665613629504,-0.6424726795999729,-0.16536617768914147
1.0250000000000001,1.2750000000000001,21.49234681891152,15.518237467955952,15.269471732263716,25.06396284149618,25.18359421309935,26.241069956760455,20.305418089279815,16.683406762728747,3.069525449104849,2.641802616596791,2.5807652256345768,2.792466154325747,1.4214075023306214,0.9825035670593433,0.5018846992217142,-0.39359893293410586,-0.6228281628817265,0.043599477096715945,-0.30730506163220256,-1.1600022431387642,-0.8475509680431298,-0.7769218455131921,-0.6189173885910197,-0.1361793912011714
1.0375,1.2875,24.14521531139901,18.13214766389224,17.485617718568523,27.321665349144787,26.196354853913558,26.832746763886828,20.501386467568665,16.133542056200692,2.418095117721248,2.3057704735630207,2.0393642749019265,1.9454577768360628,0.7340056917160893,0.27476999362779536,-0.07662018203865309,-0.5321094981900606,-0.6236491201151649,-0.31145423857840326,-0.47734831245111425,-0.8218961125849413,-0.6840271598865847,-0.6963485854750677,-0.5494729615052275,-0.03510331872881671
1.05,1.3,26.234257794262845,20.2210674232822,19.22736891382356,28.86816282372671,26.59435954100051,26.76312060532213,20.12890504817802,15.507748735300728,1.8573033121598992,1.8150495916302316,1.5440037756753804,1.23060831513637,0.11098209827020752,-0.3914755842715447,-0.5944717407728621,-0.5453715065340698,-0.5314762905081425,-0.4311737747118497,-0.40748384917332225,-0.6628069668870122,-0.6202441084270557,-0.629703550816632,-0.45953070419752284,0.12500508758599077
1.0625,1.3125,27.840326923414324,21.69836512029251,20.530635196993657,29.75567418350085,26.41866285187694,26.040033321972864,19.270930510655408,14.87608287227231,1.3724067644508868,1.3310730818550405,1.1882411202905163,0.6332779731416391,-0.4945677511031413,-1.0189454167727443,-1.043164284803089,-0.3087258841847394,-0.46808976585094797,-0.3874686378153032,-0.28618488970986655,-0.5440330128320082,-0.5633124304314705,-0.5039013608552485,-0.29202831641578386,0.292088156038836
1.075,1.325,28.93130757370336,22.810376697906975,21.46698187142805,30.0,25.627350705468697,24.680048756359714,17.948287363872133,14.58527882202259,0.9349881731993172,0.9732824388915329,0.9689075570736705,0.13452122173789788,-1.065526318395042,-1.5191564818235466,-1.3124967703836823,0.1197346979931874,-0.4053133566155293,-0.2646217837820634,-0.15336893021013684,-0.410743084157403,-0.4093633970908492,-0.2534611722143506,-0.0056908135939333524,0.37625991957701876
1.0875000000000001,1.3375000000000001,29.658724243933186,23.492858435855055,22.30701684121886,29.922136626716338,24.20702051616376,22.779555604504313,16.375873885706163,15.051147591916065,0.5388038579467992,0.7893108608558542,0.8959879356534486,-0.22666374062474226,-1.4943022521086387,-1.6808963618724466,-1.1777492493121626,0.5957781797404907,-0.3413947295170253,-0.11742076826988421,-0.05350112868385735,-0.2538816362146954,-0.08080513518961238,0.09937419966795862,0.34313609832880954,0.31209155737858635
1.1,1.35,30.0,24.190232959958593,23.18371587707931,29.457537710808456,22.372549116881892,20.79757705493867,15.01394950873423,16.018889865444788,0.2475379823342962,0.7628217832195077,0.92328571694323,-0.39313624876745407,-1.43596763668129,-1.3278059727934466,-0.5556333264879921,0.8836760593884089,-0.2744392947418792,-0.008973725892753836,-0.014205135456630057,-0.08629143551154289,0.3574508954051206,0.41684654070754634,0.5881941126987826,0.13121102830690998
1.1125,1.3625,30.0,24.954991293545973,24.15220787243527,28.89358662497291,20.57455238562715,19.576787363321152,14.849353191663546,17.138168249263664,0.00915821229827074,0.849199568341632,0.9435463969364498,-0.3723014726791618,-0.7133727679080792,-0.6177496729480012,0.29408448489311356,0.8697612220105814,-0.216763369146717,0.020406563752495645,-0.04993071671792861,0.03784005160841893,0.7095520764489773,0.5376837546480978,0.5746432655215303,-0.08519315849733196
1.125,1.375,29.998359607341435,25.893419185159054,25.160814940535996,28.548593757034443,20.26374658733055,19.64240301298406,15.93338107845348,17.960148790290834,-0.1723854776858147,0.8984694556848748,0.8741026491490196,-0.2241170897926068,0.3312634165302811,0.03350287725196246,0.8925569260075928,0.638798318392692,-0.19056435096527438,-0.03905770327762369,-0.14469852293799093,0.06266378534594767,0.7525776924130143,0.3986044486071492,0.30283672462528505,-0.2440888821620984
1.1375,1.3875,29.705335501753822,26.887263164962985,26.036199294172768,28.515101240207535,21.694557941399033,20.268394260741612,17.386580525312105,18.42932423954595,-0.33505125777673045,0.8235198433856489,0.6709258859609107,-0.12197306207007123,1.1698426035304628,0.32686798634533787,0.9713719520476969,0.2922512577516894,-0.18567599583191263,-0.16151952386424612,-0.2603693284521888,-0.023878966834687456,0.46045879469616785,0.11747607987773127,-0.04655025546163455,-0.3071053530908285
1.1500000000000001,1.4000000000000001,29.285404860694015,27.71644430267446,26.61223341195566,28.52619495422811,23.468863421647356,20.619287992488253,18.208120471947915,18.567303462267105,-0.5331790374545751,0.5803731293093808,0.33610335774104494,-0.20498152734226097,1.385313139664511,0.19290744059562998,0.6199065630611414,-0.04801336929263726,-0.2050216643753461,-0.29725527070552343,-0.3665111968942311,-0.18386101360794208,0.036204599751515985,-0.12146999446070335,-0.25264939219475446,-0.29409248126719895
1.1625,1.4125,28.681221084440057,28.161077951716514,26.78112806652999,28.29492071602572,24.821206986121062,20.722684805295746,18.568843255154814,18.295847202033976,-0.7388249869769122,0.20065011220814846,-0.08930059962050692,-0.501264088077772,1.0618963440056448,-0.11007155523117866,0.19765838905816652,-0.3223596996008965,-0.23316999654193707,-0.4145573307653212,-0.44831674148922096,-0.3493225523233948,-0.3032171544432972,-0.2147327917865442,-0.2269164501888119,-0.2220060102951364
1.175,1.425,27.844521628725442,28.158377438329193,26.46886734306261,27.633776382414045,25.626987763292092,20.379794943685145,18.441782528837834,17.786820462583634,-0.9956069349624542,-0.2763720322539921,-0.5783400925314272,-0.9537766448284668,0.56625954505027,-0.35537732426329605,0.016166746528585917,-0.52435860926701,-0.2473587875951,-0.5053806831185532,-0.5111339652485052,-0.46659377930299295,-0.4613819028490912,-0.15518484966733476,-0.029702699024295103,-0.1222485381124588
1.1875,1.4375,26.731652182853548,27.66954715817636,25.66137933051676,26.454990085725708,25.92497749060489,19.837783008987273,18.258041442157978,17.207767241383202,-1.2696872917324762,-0.820894229659271,-1.113436096348958,-1.4941882649439424,0.06328362862109742,-0.4726535901579201,0.13865960936991506,-0.5796061737368063,-0.2237928281601879,-0.5874519221909915,-0.5712613159877795,-0.514107953207674,-0.4922713003289229,-0.028712284971530055,0.16819697628658964,-0.014681399423409047
1.2000000000000002,1.4500000000000002,25.282154636675,26.580349538174577,24.28040731730514,24.677277045235783,25.748275894656793,19.28485226932601,18.444355111089262,16.489550396257442,-1.5045418230522931,-1.4357581153496752,-1.7074987201372558,-2.0414883354241407,-0.42229001688867135,-0.4017257902776731,0.5008924577837917,-0.5306328227869763,-0.13504972014771627,-0.6837237026313177,-0.6302509699130123,-0.4853434147460258,-0.4877463640705605,0.07943931862835492,0.22716260339382233,0.08291562553250387
1.2125000000000001,1.4625000000000001,23.6139681218029,24.845620753497467,22.308177597663935,22.30222905989514,25.0769810635442,18.906888191685713,19.260855010878675,16.04645136651304,-1.6033216837329323,-2.156916457198968,-2.38102786575649,-2.5279480088183055,-0.9051853766694993,-0.23045874708164044,0.7962804148635119,-0.39262958995795855,-0.004547147596364232,-0.7230811536642815,-0.5460598499031235,-0.36212269513202133,-0.4852594066844024,0.11723867683837685,0.11335324137730299,0.1472862877053209
1.225,1.475,21.8806545439893,22.391550063920263,19.607974608802742,19.502715218208625,23.93953589237908,18.83661340094756,20.444838033396444,15.714314286083834,-1.5040383397008075,-3.026979431640732,-3.095799057392723,-2.8636138466214143,-1.3882377726572344,-0.07927815265966132,0.8231693607508991,-0.20326877349391453,0.12344724665976288,-0.43880443618339343,-0.09710401697681945,-0.10698250453573577,-0.48451547018150826,0.06659179447688214,-0.10473210860142239,0.1810357899942541
1.2375,1.4875,20.415793810531735,18.97936460930868,16.092456355985508,16.40253095514776,22.303420608396248,18.909608707768296,21.239202055321947,15.632237346680213,-1.2926747713900402,-3.64068933983515,-3.1495851772368417,-2.8937389850054123,-1.880039526916633,-0.047684024775041675,0.5442873647728763,-0.006856759856732708,0.17828653346130643,0.2425987234026885,0.6341168863546022,0.27224784567730764,-0.4518507996696247,-0.023904834458657615,-0.28705454294942995,0.17929697508690992
1.25,1.5,19.361050093806544,14.37858045206531,11.90927265118074,13.309056864502402,20.193867258944596,18.88710124798641,21.57102839262212,15.680313538704283,-1.0426290459249248,-2.887893854948551,-1.8087401492811772,-2.393505370009266,-2.3574402926726457,-0.16015417904656176,0.1032284398219975,0.18165971213368123,0.12282930331059572,1.039141975083225,1.2907265604637768,0.6547340306175197,-0.3188884009540968,-0.08057668149721621,-0.33868076179859763,0.14518136295565504
1.2625000000000002,1.5125000000000002,18.410396489944077,10.648658860249194,10.409602690290727,10.930363311721191,17.549617745678276,18.64322414429108,21.419196655130218,16.02916794091915,-0.9425936633143415,-1.0134656285316157,0.14602711196074783,-1.4017630187378414,-2.679838115009917,-0.3095449061814783,-0.2790218394191871,0.31139104266279316,-0.007063021790040392,1.4442626165029155,1.3851480637930227,0.8620405404228428,-0.02088273729681389,-0.04733504303576193,-0.23489303505126563,0.07862308657217831
1.2750000000000001,1.5250000000000001,17.670207974658506,12.11743366370725,13.405700695244247,10.27127218987558,14.529235860374838,18.16903478745336,20.870982932602296,16.42414754963277,-1.0649323771856782,0.8551185881236257,1.7100276003273662,-0.3359316766676015,-2.5827804833810766,-0.35123111944252405,-0.45857984614605735,0.36351414002459775,-0.1586920773101077,1.0786715435337686,0.7958146476969483,0.7567667210758519,0.38358078873628093,0.06046904343160303,-0.03703498828394651,-0.004756572121301444
1.2875,1.5375,16.548246553534046,15.04260986082963,16.074377893757493,10.912608198771965,11.736545732631543,17.72091740712743,20.194115588235924,16.817275554529935,-1.3168382147098654,1.7091175211433391,2.0167712669240005,0.38767687043796994,-1.871783118046487,-0.1888207697558702,-0.34927366749942446,0.29533145905870056,-0.21226586299658196,0.2780709007135174,0.005983379152763857,0.3943368121157302,0.7119563703160589,0.16231584895294807,0.1421503326098376,-0.07957002657914153
1.3,1.55,14.967463176083168,16.45719789239322,17.627023051084187,11.638276037639008,10.186500848562579,17.592099019355615,19.890669695338982,17.10383043202188,-1.6489671567777013,1.144172287882814,1.2349610117219385,0.4956082907820877,-0.843563847472956,0.08182896989864936,-0.04682058755761638,0.1659066433292203,-0.026815201805718347,-0.41308120376827934,-0.5544243101936088,-0.012292357892770566,0.7683678951612621,0.1815670638962878,0.2119994133078154,-0.12900307090126023
1.3125,1.5625,13.177577815682419,17.024364351622904,18.38279784699076,12.185245740029327,10.36206966135197,17.9875881795606,20.162984936264753,17.1659837950181,-1.7119055885012397,0.23236202515637708,0.413477302027281,0.15415105811596508,0.010335418616317149,0.2855042939126754,0.22585019433578032,0.012344658114774277,0.3761173372880677,-0.7024472315848543,-0.7118754974544957,-0.27307428712110626,0.4897066352395168,0.09359686931997493,0.14346023095545526,-0.14319719896128258
1.3250000000000002,1.5750000000000002,11.110706559695814,16.847417857724682,18.426295777237307,12.112994873157337,10.998654658649844,18.44484425073002,20.6524453207998,17.07932664603479,-1.0014746993185828,-0.47190968272429,-0.26044696819231844,-0.2806305599704519,0.3179997240938318,0.319441668204642,0.31385528947541735,-0.14000781400974027,0.8162443693388859,-0.5905058830065004,-0.5739655250962219,-0.2713778948518793,0.03999689165452985,-0.04007447692585738,0.0020928202558414453,-0.12798352850592815
1.3375000000000001,1.5875000000000001,9.917096919221525,16.009310003945785,17.742128040817338,11.446004071592625,11.382145920669496,18.722066261003604,20.942478747184417,16.89125073809735,0.24000224300091375,-0.9950776514773805,-0.7949022303913498,-0.5895751397912916,-0.004031727632297155,0.16035722769100821,0.18768954876133498,-0.2676973070782321,0.9976249592425701,-0.31115921046775386,-0.32523461412970694,-0.052956621834986436,-0.37329641133544966,-0.1428210745228044,-0.11385063159284665,-0.08848876085651884
1.35,1.6,11.590330127720701,14.60517665261033,16.645123113209305,10.604744072005099,11.266461339372976,18.822068319657323,21.070199237256237,16.541157890433553,1.4563007741656515,-1.1946372888328096,-1.0306768475498558,-0.4894180845236805,-0.6363958160759996,-0.055969881619803985,-0.01727616349118648,-0.3339900166039172,0.7434654777593608,0.012248717250138619,-0.01286672349769179,0.23414521976796693,-0.4539955730142659,-0.171854530983962,-0.14918054610834464,-0.019868336745269343
1.3625,1.6125,14.137777246674544,13.170096696793177,15.29887302704801,9.991495441648988,10.208007682828919,18.60076228355199,20.89255572184321,16.09658163742756,2.047331470969493,-0.9620702241281324,-0.827580828942485,-0.006238288782352797,-1.3789488679760153,-0.24089530378912372,-0.17783723714515104,-0.3331080448707315,0.25349286874620863,0.30179794519982606,0.29572937856552495,0.4425650012275429,-0.031494285256739286,-0.13273795940826258,-0.11012511317223612,0.06611464153152853
1.375,1.625,16.28187026679756,12.293838067136939,14.494539046372692,10.393158765510753,8.403744697190135,18.22564683135681,20.59102601601447,15.8067111133501,1.812188075493932,-0.427169810148221,-0.3084412864052098,0.5984271133649133,-1.2645195708056387,-0.339204720975102,-0.2492840481130628,-0.2066441288398373,-0.1868319867827571,0.4367115155305168,0.46503035719661145,0.4550282057554818,0.6756481626982408,-0.07650613595204228,-0.06049555582823561,0.13596140373768653
1.3875000000000002,1.6375000000000002,17.80798420453056,12.35462817604182,14.67951592952322,11.520605280928034,5.91875990188084,17.815800486208243,20.292879172079545,15.59293390228542,1.3295229360678165,0.13017833517945548,0.322626881863952,1.079327267402126,0.15255872344882598,-0.36171514967265567,-0.2469320747889075,-7.970433026294188E-4,-0.3970143619791059,0.37944257078499843,0.42649896220782235,0.30523598032155885,1.2561191023351828,-0.03886594250471876,-0.050399501228024945,0.15822738608639025
1.4000000000000001,1.6500000000000001,18.816167026262352,12.877061862244904,15.412595229945651,12.832324719190142,7.088487375818822,17.518525613453686,20.123617271572755,15.759761113805435,0.8810451077027043,0.44279600916598055,0.7193710830299829,1.242940166161489,1.9760912017027839,-0.37809063843824936,-0.28520652381048633,0.17966150130046438,-0.3955168013335225,0.20998401463941904,0.23943309663631646,0.10351377971255851,1.211161378242713,-0.031432539212239194,-0.09392121657743024,0.10866954051871655
1.4125,1.6625,19.51824354728123,13.529376475136472,16.45297934458129,14.168548801819924,11.628429960758705,17.145747144140273,19.89159972011953,16.116071420686744,0.5278311449695771,0.5001597201397591,0.7910077973790305,1.1976850864271535,3.2813412574456877,-0.41578205758114384,-0.411873505436564,0.2648760704910689,-0.33772443469621466,0.04582706044393174,0.008476315943283252,-0.06329336173449107,0.5621004298349414,-0.03235544755797623,-0.15930691223069743,0.006872462727262094
1.425,1.675,19.831966133935747,13.920443963419515,17.20466275399357,15.283887835872253,15.429365676265121,16.670220310199547,19.365633122942047,16.44344986065176,0.23544996437543908,0.4377595705687224,0.6545337390188333,1.056817102415192,3.2268960534094964,-0.4693339630820539,-0.6364194156763858,0.2038670168568963,-0.2930885541527228,-0.04521399105583935,-0.16005897077852932,-0.1614928285313039,-0.18792511526806632,-0.013066237487505327,-0.18673953392238532,-0.0899243624973169
1.4375,1.6875,19.939240375541747,14.333735726153309,17.738521154394412,16.283249154722746,18.15502703888613,16.161042849929594,18.61250371921208,16.575469881317602,-0.036301665749624235,0.36183185669774326,0.39742713358594306,0.855921990602819,2.3376584467701766,-0.47787072514063456,-0.8678601900094449,0.021462512555465097,-0.27686838650582873,-0.08906701967393427,-0.25530577544769695,-0.22880458855492383,-0.6663740448990414,0.027561557478624772,-0.14068375864532545,-0.1309339544761951
1.4500000000000002,1.7000000000000002,19.78291843400929,14.663680089580097,18.042493020133257,17.05906005481469,19.959669103802593,15.664207945148757,17.58106819364455,16.549396967774488,-0.30233125770130903,0.2858899856077917,0.11586656103388009,0.6063575714171368,1.5083070307002078,-0.41237749209603064,-0.9909108511359725,-0.1482535322183182,-0.2759615865707935,-0.1292541537621365,-0.310881332235005,-0.2915301875121751,-0.7596239434053672,0.06405315227366591,-0.024152417397360303,-0.092011609993738
1.4625000000000001,1.7125000000000001,19.361259068496338,14.966917695544897,18.021199879441163,17.5605726453628,21.05157048084085,15.259399700962495,16.444581234721053,16.170410429902706,-0.5876201765211928,0.1307594142505531,-0.2161874908669777,0.278891909151562,0.808765544305125,-0.3064525056810316,-0.9380465809333979,-0.21373342735229936,-0.2793339388305648,-0.18935094733846958,-0.34925767918959594,-0.356359117261655,-0.6758940746963288,0.060943945364295336,0.10706358155419538,0.0112674060598766
1.475,1.725,18.609300498951907,15.03330290676268,17.642656196639596,17.67701394763791,21.5226291087888,15.059154424202942,15.495040109507697,15.904711925267618,-0.8686987130927442,-0.09297497701836495,-0.5930656099297316,-0.11231879442005485,0.19322278761518633,-0.2347773114435258,-0.7220883072012109,-0.13859306315791145,-0.2734453395343044,-0.2529739816451927,-0.372076172226376,-0.4188734397532373,-0.6090202692445335,0.013781854595993088,0.1938394198323037,0.112999120002928
1.4875,1.7375,17.587948460464474,14.802721388814783,16.857502111806355,17.368731754068946,21.41737475791865,14.931307081997343,14.965284856613517,15.82914526580954,-1.1497876322067306,-0.39549039868152625,-0.9943951768802307,-0.56653541278686,-0.3842698051689567,-0.2619510886454103,-0.46695355420584883,0.07296930832464472,-0.24622934622244327,-0.2815196919804793,-0.32955311887831323,-0.4619777547552375,-0.5671743388984323,-0.04800145422232534,0.20985344108953047,0.15713797709739766
1.5,1.75,16.3260801725615,14.28090335785333,15.659013854302003,16.593386528361343,20.742880903339625,14.654367697413704,14.710274846692265,16.027064234031513,-1.388474227530062,-0.7158550161521319,-1.3554104570913734,-1.065295966379839,-0.9402766407854184,-0.36571892763387587,-0.2572602653382285,0.27339069995784976,-0.19405636363796297,-0.24550704988353528,-0.18536320169558773,-0.46222454862100937,-0.5277091496631449,-0.07821402504836975,0.17721715797895815,0.12438646571104725
1.5125000000000002,1.7625000000000002,14.753931070657888,13.365665476591941,14.041045166208805,15.269709291066784,19.520095557720655,14.152037621130063,14.502196095099524,16.47408081714398,-1.5588791504147501,-0.9653990260849603,-1.4827806616777228,-1.5545082786447335,-1.4603564359867343,-0.48098896869748325,-0.1211933964172367,0.3659645765768083,-0.10958794034944368,-0.13191181071448937,0.05580577453235789,-0.3603232741445796,-0.44888066244566593,-0.0575761282969264,0.13663190784653706,0.03719224278695098
1.5250000000000001,1.7750000000000001,13.08393805620489,12.172555782113442,12.273832383981503,13.400045347239796,17.769885504960705,13.620194516467203,14.44028316357355,16.949197649389646,-1.6344347721785493,-1.0355559127343243,-1.2756888760089242,-1.9294551045961648,-1.907279645291649,-0.516328496659338,-0.008882596200726312,0.336841631271243,-0.0013666143971925448,0.02324264188542291,0.3002421601522027,-0.12446436559582183,-0.29805339701259365,-0.01289742960607127,0.09983018294488732,-0.04748285152130851
1.5375,1.7875,11.41462376656903,11.029900046259925,11.136189538577991,11.192860951406052,15.60209027717444,13.043448828983177,14.49431371608669,17.197901441014515,-1.5747470616297055,-0.895199003962877,-0.7552270947596659,-1.9360722144015952,-2.145171615144171,-0.47452694561731124,0.09201715045808534,0.227205056602703,0.12099008609030122,0.1500684893339994,0.4090312836598156,0.18835837121440774,-0.08217749820367785,0.013953187368273928,0.05990070007901634,-0.08859042445310511
1.55,1.8,9.823559963713183,10.271006509347716,10.73299728807279,8.984535175210885,13.165485317154488,12.627019610190457,14.66980305519505,17.34936207845246,-1.3873733439085472,-0.634741817786059,-0.21797643978938835,-1.4968358264805173,-2.088136036269668,-0.4334370872043182,0.13528537594854714,0.10535620233835985,0.23210074670801256,0.17807652946013203,0.32475774894478027,0.4411046297929526,0.1286104833559741,-0.017923310891091438,9.940518668754422E-5,-0.08241631076586892
1.5625,1.8125,8.510384808755214,9.840445093160419,11.035327240364833,7.797103305073264,11.096437575902907,12.27599034618188,14.847521901579201,17.41002388562609,-1.077459434098245,-0.41546362688909594,0.03351953851158722,-0.8290260616305186,-1.780815731516114,-0.4526687365836235,0.10622611790320828,0.038755168777724336,0.290214674761694,0.10051172456836259,0.09011848341192663,0.47357516747739137,0.23810861554297028,-0.09215579624045209,-0.07137745805336543,-0.050355884724895925
1.5750000000000002,1.8250000000000002,7.599190815569061,9.5935741697329,11.23438133414114,7.6137450380036045,9.58203167424813,11.83673832184626,14.94010595057003,17.36991743877566,-0.7225748524042166,-0.3850409539705549,-0.04627344792064925,-0.27745503201694,-1.446405170325807,-0.616874155631639,-0.015490053989850061,0.018985021354387753,0.2834379768254909,-0.0359041609732207,-0.14894430146199525,0.28368574304218797,0.19858627969324444,-0.1542360662767873,-0.1292884593152688,-0.021299748082589255
1.5875000000000001,1.8375000000000001,7.139511170149865,9.291298081621854,11.053095208101752,7.733125711857099,8.48973844104705,11.175245790237158,14.890292857915242,17.38139960474154,-0.4560729335734009,-0.517490813028816,-0.39048617363440224,-0.17788677424642668,-1.2754939704012502,-0.8435873926059113,-0.1894824248395432,0.01861122347020938,0.22543587832581102,-0.14598016989479462,-0.27871559135564405,0.010876450710222873,0.07571130910740173,-0.1406112722498532,-0.16300431405623858,-0.02117912995495299
1.6,1.85,6.896122520994775,8.620375245264224,10.492746064601084,7.629248811734268,7.236809032953381,10.093021110004623,14.57096730707778,17.458599325666675,-0.2808767100435148,-0.7632490295823025,-0.7506950910263699,-0.40397675496162355,-1.3478655183608779,-1.009158090577111,-0.3633026492564211,0.008929434579171058,0.17833172282969664,-0.1281305420457532,-0.24243527469681334,-0.14565431165341303,0.03287427788077137,-0.004520467358629254,-0.17178065707205797,-0.05288950579230878
1.6125,1.8625,6.581554288175353,7.739590490250676,9.45371400696285,6.899917546975799,5.891579044544031,8.929911989073142,14.08467909912761,17.458739059531627,-0.1711291136495409,-0.9562604385571951,-1.0078475967137728,-0.7113829466070625,-1.4515290119615698,-0.9595831303601535,-0.5348891547446992,-0.06211268760943227,0.18444041573313846,0.048753681888047476,-0.025498202848659036,-0.06401162087264933,0.16151821704524177,0.20218509404965138,-0.16563006039534717,-0.09254527072753035
1.625,1.875,6.473785706338743,6.553182817506976,8.280596479578742,6.0104653456361365,4.141783780695251,7.913614769542713,13.52639958368174,17.37589488427647,0.026611851782336694,-0.8063088514351314,-0.9497691098650307,-0.7389785041036873,-1.1940162601417903,-0.5814786235476642,-0.701689974397562,-0.20510055206733532,0.2151948414184944,0.3326864698071789,0.28699908728750073,0.18928028913694556,0.4099927545532978,0.3848551610919179,-0.12103488954942083,-0.10350297997975881
1.6375000000000002,1.8875000000000002,6.495034009230176,5.543592102714502,7.119932017044059,4.985602711870852,2.7796060073682676,7.467033308667345,12.738130945889765,17.11218838738948,0.31238486417936573,-0.2521924926621642,-0.418440178458367,-0.3304440040386415,-0.5448275142845851,-0.04650165587237787,-0.8484390642457086,-0.33710013684418916,0.22278165548418688,0.5672789458139442,0.5643876259037791,0.4485879741292048,0.5871136849364562,0.4419322433376392,0.01976399887669713,-0.05342984391155624
1.6500000000000001,1.9000000000000001,7.072441919379047,5.686830181856654,6.910791510235326,4.891513708768305,2.8227142508323118,7.9170673324692,11.735791511708893,16.606371901401072,0.553340508134504,0.5481493465060767,0.389596636283431,0.35195521943889385,0.24874750556711897,0.45857697763859095,-0.8117021422530206,-0.3710917407022446,0.14892990475865547,0.5866654981187769,0.6414966401720181,0.5276760628177478,0.531472478390209,0.3392876093290283,0.2736532928496557,0.0534656764614581
1.6625,1.9125,7.844150502552029,6.911804344765017,8.046415599342723,5.8071733452165075,3.826976238052575,8.69567742824801,10.737787813885491,16.15799986674838,0.6794148355953098,1.2029051915419224,1.1444076597308919,0.9860900622676709,0.7626575298662572,0.7300502857349148,-0.38106307643348425,-0.24626631284975886,0.012811615609337279,0.37346620405189757,0.4621690393397497,0.3739069303992188,0.28325073160049624,0.14618203618189612,0.5345132161806738,0.1548313984395015
1.675,1.925,8.565930000350336,8.609823429012103,9.765337869846565,7.359456126157778,4.861836193188692,9.592177597945335,10.468060438418775,15.997530441085797,0.5877463898676419,1.3994697970567098,1.4762901719004307,1.2411347768318959,0.809603609733833,0.7266834522938309,0.4328884959446045,0.01681091824274006,-0.12582046954597526,0.04555641859861861,0.13872160895693933,0.08129716245962089,0.0025214248218974277,-0.05638206966267889,0.62016848171044,0.16563886190723143
1.6875,1.9375,9.14536414672108,10.09662143684639,11.414697135892899,8.68208181451447,5.573332685521364,10.279729604603851,11.466681100367403,16.185277553298324,0.35924000135948314,1.1894783023220072,1.3490582504318815,1.0945008692609517,0.590998091634539,0.5503552877094828,1.2018316975588481,0.24310552588082607,-0.21102537363845258,-0.22640675680188993,-0.16873456855773733,-0.19328454914215432,-0.13147629092015417,-0.173956324707898,0.4558709402030254,0.05908632545810875
1.7000000000000002,1.9500000000000002,9.360567046632731,11.091770621099517,12.60810160146239,9.659733358278803,5.997554075767082,10.758458505760434,13.53578734819096,16.6767876493398,0.08432557752254102,0.7826448841091274,0.9808793857176328,0.7042356282403579,0.34718434879246524,0.2665141283379125,1.4976928793030133,0.21241664946862002,-0.19507115386418167,-0.34636425575726604,-0.34324493958913804,-0.34128941025009907,-0.0738494048078884,-0.14219386784461846,0.168424417647359,-0.10665263010410608
1.7125000000000001,1.9625000000000001,9.243031986208248,11.618222260331345,13.370324985694218,10.129539075460753,6.214107754936075,10.864313412887874,15.21308284679364,17.03389889202551,-0.12400162642440282,0.37928386400626407,0.5484402100336041,0.2881168908526684,0.33648570573617026,0.09035332417338396,1.3658894329024382,-0.04863755117215511,-0.0877273725652588,-0.33232624250398807,-0.38491116101495443,-0.34880313821941694,0.09603511651835428,0.05865694880307752,0.034515270776239795,-0.13218412691123158
1.725,1.975,8.938723968219458,11.762247437815262,13.69192087353407,10.156905636886426,6.277370402443663,10.632456335492886,16.083323961720723,16.635303019065304,-0.14598856556132347,0.07274573742825137,0.16037449415387908,-0.06212028521445774,0.5676127786435754,0.24571509483878806,1.1929817165096044,-0.37058069375129976,0.06428313499361753,-0.24693730556786364,-0.34927716070075177,-0.255657990257384,0.25733648483804406,0.3493943630138238,0.15343233891609093,0.10881536463912085
1.7375,1.9875,8.736277553805703,11.657802348519837,13.61498855002508,9.874080129474,7.115853050863925,10.794497310604545,17.022359958114713,15.962832112574796,0.035760210075121354,-0.1172033368574951,-0.1652451088610139,-0.2663368651087252,0.9609594593007553,0.8540395484744326,1.5267636328367515,-0.1263164370653719,0.17983124120625407,-0.15441722163431038,-0.2784972200987409,-0.12010097224660835,0.2927973667366471,0.5469478939511687,0.35873841680719565,0.49499062095933366
1.75,2.0,8.884001435027386,11.435709264146528,13.287642290066355,9.476861405199891,8.384745321021034,12.021942031096039,18.596057375078445,15.359417570308658,0.3258603342408666,-0.20379804329831117,-0.40866375833881674,-0.2968274450658651,1.3216298962003932,1.6316428312565072,2.1844174739163114,0.7953329156108326,0.18131947885943112,-0.07267203223287838,-0.17275228790052483,0.0047365424707123596,0.15974134021214967,0.44791859884863533,0.33620336161224573,0.6852642263279863
1.7625000000000002,2.0125,9.44919430317989,11.195474662878237,12.746238733123006,9.137876865760395,9.965217592151166,14.439768307458461,21.590534304298536,17.040259431076972,0.5392301297057724,-0.2545303538020066,-0.5595267642137521,-0.19503439045466955,1.4234639806409968,2.1321289257203677,2.663863638235063,1.8433587489434469,0.07506891127980474,-0.00873434685242904,-0.043037060561254725,0.0762229924964641,-0.07696600702815157,0.07262844254486496,-0.014554791644518606,0.43910728475069705
1.7750000000000001,2.0250000000000004,10.211567264736697,10.974421064144506,12.082976990291023,9.040870043413904,11.460837612802008,16.968034993348464,24.72132415821037,20.07325393786838,0.5088738689205066,-0.22195091526388477,-0.506246117672376,-0.07408881018792375,1.135067219034203,1.8462634004589973,2.305448521871677,2.0709028448842224,-0.023215680078453038,0.020673053498806847,0.0381936584889862,0.07989156203902735,-0.20584914848125058,-0.20658001584408447,-0.2852276134158259,0.08602804859891433
1.7875,2.0375,10.76864528747991,10.615794679510815,11.419687378843985,9.116903858093647,12.695126808178422,18.98209545808017,27.279044757724066,22.82270767351217,0.3195979991343251,-0.1517986351368535,-0.3316392320005079,0.0034087799346245616,0.6694107627430925,1.1098714765975124,1.3934741506364756,1.4314350220514185,-0.06285401309290763,0.027561571745733753,0.06303819500983568,0.047438393090113655,-0.1973762892086919,-0.27809068221071953,-0.3452753346432377,-0.14633152766168606
